filename,sr,Selection,BeginTime,EndTime,LowFreq,HighFreq,CallType,VocalizationDuration,OriginalFile,SourceParquet
public_raw_300\humpback_0000.wav,44100,1,1.81286695,3.18713305,263.518,2845.995,Descending_moan,1.3742661,211026-133018-OS-humpback-47min-clip_1.wav,train-00000-of-00006.parquet
public_raw_300\humpback_0001.wav,44100,2,0.6189123,4.3810877,263.518,1791.923,Descending_moan,3.7621754,211026-133018-OS-humpback-47min-clip_2.wav,train-00000-of-00006.parquet
public_raw_300\humpback_0002.wav,44100,3,2.26608235,2.73391765,2898.699,3531.142,Whistle,0.4678353,211026-133018-OS-humpback-47min-clip_3.wav,train-00000-of-00006.parquet
public_raw_300\humpback_0003.wav,44100,4,1.12573385,3.87426615,158.111,1844.626,Descending_moan,2.7485323,211026-133018-OS-humpback-47min-clip_4.wav,train-00000-of-00006.parquet
public_raw_300\humpback_0004.wav,44100,5,2.07115095,2.92884905,1106.776,3056.809,Whistle,0.8576981,211026-133018-OS-humpback-47min-clip_5.wav,train-00000-of-00006.parquet
public_raw_300\humpback_0005.wav,44100,6,2.03703805,2.96296195,158.111,3162.217,Bellow,0.9259239,211026-133018-OS-humpback-47min-clip_6.wav,train-00000-of-00006.parquet
public_raw_300\humpback_0006.wav,44100,7,2.30506865,2.69493135,474.332,2160.848,Shriek,0.3898627,211026-133018-OS-humpback-47min-clip_7.wav,train-00000-of-00006.parquet
public_raw_300\humpback_0007.wav,44100,8,2.1247571,2.8752429,158.111,1791.923,Growl,0.7504858,211026-133018-OS-humpback-47min-clip_8.wav,train-00000-of-00006.parquet
public_raw_300\humpback_0008.wav,44100,9,1.76900735,3.23099265,210.814,2108.144,Growl,1.4619853,211026-133018-OS-humpback-47min-clip_9.wav,train-00000-of-00006.parquet
public_raw_300\humpback_0009.wav,44100,10,1.77388065,3.22611935,316.222,2318.959,Ascending_moan,1.4522387,211026-133018-OS-humpback-47min-clip_10.wav,train-00000-of-00006.parquet
public_raw_300\humpback_0010.wav,44100,11,2.39278775,2.60721225,0.0,1950.034,Grunt,0.2144245,211026-133018-OS-humpback-47min-clip_11.wav,train-00000-of-00006.parquet
public_raw_300\humpback_0011.wav,44100,12,2.4366473,2.5633527,1317.59,1950.034,Chirp,0.1267054,211026-133018-OS-humpback-47min-clip_12.wav,train-00000-of-00006.parquet
public_raw_300\humpback_0012.wav,44100,13,2.45175695,2.54824305,1192.547,1900.621,Chirp,0.0964861,211026-133018-OS-humpback-47min-clip_13.wav,train-00000-of-00006.parquet
public_raw_300\humpback_0013.wav,44100,14,2.35527085,2.64472915,782.609,2273.292,Shriek,0.2894583,211026-133018-OS-humpback-47min-clip_14.wav,train-00000-of-00006.parquet
public_raw_300\humpback_0014.wav,44100,15,2.4552029,2.5447971,1453.416,2124.224,Chirp,0.0895942,211026-133018-OS-humpback-47min-clip_15.wav,train-00000-of-00006.parquet
public_raw_300\humpback_0015.wav,44100,16,2.4586488,2.5413512,1751.553,2422.36,Chirp,0.0827024,211026-133018-OS-humpback-47min-clip_16.wav,train-00000-of-00006.parquet
public_raw_300\humpback_0016.wav,44100,17,2.42690075,2.57309925,1900.621,2347.826,Chirp,0.1461985,211026-133018-OS-humpback-47min-clip_17.wav,train-00000-of-00006.parquet
public_raw_300\humpback_0017.wav,44100,18,2.09551745,2.90448255,372.671,1751.553,Buzz,0.8089651,211026-133018-OS-humpback-47min-clip_18.wav,train-00000-of-00006.parquet
public_raw_300\humpback_0018.wav,44100,19,2.17348995,2.82651005,447.205,1788.82,Buzz,0.6530201,211026-133018-OS-humpback-47min-clip_19.wav,train-00000-of-00006.parquet
public_raw_300\humpback_0019.wav,44100,20,1.8810929,3.1189071,559.006,1714.286,Buzz,1.2378142,211026-133018-OS-humpback-47min-clip_20.wav,train-00000-of-00006.parquet
public_raw_300\humpback_0020.wav,44100,21,1.03314145,3.96685855,335.404,1900.621,Creak,2.9337171,211026-133018-OS-humpback-47min-clip_21.wav,train-00000-of-00006.parquet
public_raw_300\humpback_0021.wav,44100,22,2.0467846,2.9532154,745.342,1975.155,Buzz,0.9064308,211026-133018-OS-humpback-47min-clip_22.wav,train-00000-of-00006.parquet
public_raw_300\humpback_0022.wav,44100,23,2.071151,2.928849,559.006,1900.621,Buzz,0.857698,211026-133018-OS-humpback-47min-clip_23.wav,train-00000-of-00006.parquet
public_raw_300\humpback_0023.wav,44100,24,2.13450365,2.86549635,559.006,1565.217,Buzz,0.7309927,211026-133018-OS-humpback-47min-clip_24.wav,train-00000-of-00006.parquet
public_raw_300\humpback_0024.wav,44100,25,1.28167895,3.71832105,372.671,1863.354,Creak,2.4366421,211026-133018-OS-humpback-47min-clip_25.wav,train-00000-of-00006.parquet
public_raw_300\humpback_0025.wav,44100,26,1.31579195,3.68420805,298.137,819.876,Descending_moan,2.3684161,211026-133018-OS-humpback-47min-clip_26.wav,train-00000-of-00006.parquet
public_raw_300\humpback_0026.wav,44100,27,1.92982575,3.07017425,149.068,782.609,Descending_moan,1.1403485,211026-133018-OS-humpback-47min-clip_27.wav,train-00000-of-00006.parquet
public_raw_300\humpback_0027.wav,44100,28,2.26608235,2.73391765,186.335,1527.95,Bellow,0.4678353,211026-133018-OS-humpback-47min-clip_28.wav,train-00000-of-00006.parquet
public_raw_300\humpback_0028.wav,44100,29,2.3830412,2.6169588,149.068,1043.478,Grunt,0.2339176,211026-133018-OS-humpback-47min-clip_29.wav,train-00000-of-00006.parquet
public_raw_300\humpback_0029.wav,44100,30,2.14912355,2.85087645,74.534,1677.019,Moan,0.7017529,211026-133018-OS-humpback-47min-clip_30.wav,train-00000-of-00006.parquet
public_raw_300\humpback_0030.wav,44100,31,2.20760295,2.79239705,633.54,1378.882,Harmonica,0.5847941,211026-133018-OS-humpback-47min-clip_31.wav,train-00000-of-00006.parquet
public_raw_300\humpback_0031.wav,44100,32,2.2124762,2.7875238,745.342,1826.087,Moan,0.5750476,211026-133018-OS-humpback-47min-clip_32.wav,train-00000-of-00006.parquet
public_raw_300\humpback_0032.wav,44100,33,2.17348995,2.82651005,149.068,1751.553,Moan,0.6530201,211026-133018-OS-humpback-47min-clip_33.wav,train-00000-of-00006.parquet
public_raw_300\humpback_0033.wav,44100,34,2.33430835,2.66569165,447.205,1639.752,Buzz,0.3313833,211026-133018-OS-humpback-47min-clip_34.wav,train-00000-of-00006.parquet
public_raw_300\humpback_0034.wav,44100,35,2.27095565,2.72904435,409.938,1453.416,Buzz,0.4580887,211026-133018-OS-humpback-47min-clip_35.wav,train-00000-of-00006.parquet
public_raw_300\humpback_0035.wav,44100,36,1.9444456,3.0555544,633.54,3093.168,Moan,1.1111088,211026-133018-OS-humpback-47min-clip_36.wav,train-00000-of-00006.parquet
public_raw_300\humpback_0036.wav,44100,37,1.96881205,3.03118795,149.068,2236.025,Descending_moan,1.0623759,211026-133018-OS-humpback-47min-clip_37.wav,train-00000-of-00006.parquet
public_raw_300\humpback_0037.wav,44100,38,1.93957235,3.06042765,447.205,3130.435,Moan,1.1208553,211026-133018-OS-humpback-47min-clip_38.wav,train-00000-of-00006.parquet
public_raw_300\humpback_0038.wav,44100,39,1.9103326,3.0896674,149.068,3279.503,Moan,1.1793348,211026-133018-OS-humpback-47min-clip_39.wav,train-00000-of-00006.parquet
public_raw_300\humpback_0039.wav,44100,40,1.86647305,3.13352695,335.404,3167.702,Vibrate,1.2670539,211026-133018-OS-humpback-47min-clip_40.wav,train-00000-of-00006.parquet
public_raw_300\humpback_0040.wav,44100,41,2.0419113,2.9580887,149.068,3354.037,Moan,0.9161774,211026-133018-OS-humpback-47min-clip_41.wav,train-00000-of-00006.parquet
public_raw_300\humpback_0041.wav,44100,42,1.92495245,3.07504755,521.739,1639.752,Vibrate,1.1500951,211026-133018-OS-humpback-47min-clip_42.wav,train-00000-of-00006.parquet
public_raw_300\humpback_0042.wav,44100,43,1.90058605,3.09941395,149.068,1527.95,Growl,1.1988279,211026-133018-OS-humpback-47min-clip_43.wav,train-00000-of-00006.parquet
public_raw_300\humpback_0043.wav,44100,44,1.6033157,3.3966843,447.205,3055.901,Ascending_moan,1.7933686,211026-133018-OS-humpback-47min-clip_44.wav,train-00000-of-00006.parquet
public_raw_300\humpback_0044.wav,44100,45,1.7007814,3.2992186,484.472,1639.752,Ascending_moan,1.5984372,211026-133018-OS-humpback-47min-clip_45.wav,train-00000-of-00006.parquet
public_raw_300\humpback_0045.wav,44100,46,2.08089755,2.91910245,596.273,2720.497,Ascending_moan,0.8382049,211026-133018-OS-humpback-47min-clip_46.wav,train-00000-of-00006.parquet
public_raw_300\humpback_0046.wav,44100,47,2.4122809,2.5877191,1341.615,1714.286,Chirp,0.1754382,211026-133018-OS-humpback-47min-clip_47.wav,train-00000-of-00006.parquet
public_raw_300\humpback_0047.wav,44100,48,2.42202745,2.57797255,1416.149,2012.422,Chirp,0.1559451,211026-133018-OS-humpback-47min-clip_48.wav,train-00000-of-00006.parquet
public_raw_300\humpback_0048.wav,44100,49,2.39766105,2.60233895,1304.348,1788.82,Chirp,0.2046779,211026-133018-OS-humpback-47min-clip_49.wav,train-00000-of-00006.parquet
public_raw_300\humpback_0049.wav,44100,50,2.42690075,2.57309925,968.944,1602.484,Chirp,0.1461985,211026-133018-OS-humpback-47min-clip_50.wav,train-00000-of-00006.parquet
public_raw_300\humpback_0050.wav,44100,51,2.4415206,2.5584794,1267.081,1788.82,Chirp,0.1169588,211026-133018-OS-humpback-47min-clip_51.wav,train-00000-of-00006.parquet
public_raw_300\humpback_0051.wav,44100,52,2.39766105,2.60233895,708.075,1602.484,Chirp,0.2046779,211026-133018-OS-humpback-47min-clip_52.wav,train-00000-of-00006.parquet
public_raw_300\humpback_0052.wav,44100,53,1.86647305,3.13352695,559.006,1677.019,Buzz,1.2670539,211026-133018-OS-humpback-47min-clip_53.wav,train-00000-of-00006.parquet
public_raw_300\humpback_0053.wav,44100,54,1.3060454,3.6939546,298.137,1639.752,Creak,2.3879092,211026-133018-OS-humpback-47min-clip_54.wav,train-00000-of-00006.parquet
public_raw_300\humpback_0054.wav,44100,55,2.139377,2.860623,596.273,3204.969,Buzz,0.721246,211026-133018-OS-humpback-47min-clip_55.wav,train-00000-of-00006.parquet
public_raw_300\humpback_0055.wav,44100,56,1.58382255,3.41617745,484.472,1937.888,Creak,1.8323549,211026-133018-OS-humpback-47min-clip_56.wav,train-00000-of-00006.parquet
public_raw_300\humpback_0056.wav,44100,57,2.1003907,2.8996093,298.137,1304.348,Buzz,0.7992186,211026-133018-OS-humpback-47min-clip_57.wav,train-00000-of-00006.parquet
public_raw_300\humpback_0057.wav,44100,58,1.3109187,3.6890813,372.671,1378.882,Descending_moan,2.3781626,211026-133018-OS-humpback-47min-clip_58.wav,train-00000-of-00006.parquet
public_raw_300\humpback_0058.wav,44100,59,2.3391816,2.6608184,2795.031,3875.776,Shriek,0.3216368,211026-133018-OS-humpback-47min-clip_59.wav,train-00000-of-00006.parquet
public_raw_300\humpback_0059.wav,44100,60,1.18908655,3.81091345,298.137,3093.168,Descending_moan,2.6218269,211026-133018-OS-humpback-47min-clip_60.wav,train-00000-of-00006.parquet
public_raw_300\humpback_0060.wav,44100,61,2.23684265,2.76315735,2906.832,3950.311,Whistle,0.5263147,211026-133018-OS-humpback-47min-clip_61.wav,train-00000-of-00006.parquet
public_raw_300\humpback_0061.wav,44100,62,1.15984685,3.84015315,298.137,2496.894,Descending_moan,2.6803063,211026-133018-OS-humpback-47min-clip_62.wav,train-00000-of-00006.parquet
public_raw_300\humpback_0062.wav,44100,63,2.14425025,2.85574975,1192.547,2086.957,Harmonica,0.7114995,211026-133018-OS-humpback-47min-clip_63.wav,train-00000-of-00006.parquet
public_raw_300\humpback_0063.wav,44100,64,1.0526346,3.9473654,260.87,3279.503,Descending_moan,2.8947308,211026-133018-OS-humpback-47min-clip_64.wav,train-00000-of-00006.parquet
public_raw_300\humpback_0064.wav,44100,65,2.0808976,2.9191024,968.944,4397.516,Whistle,0.8382048,211026-133018-OS-humpback-47min-clip_65.wav,train-00000-of-00006.parquet
public_raw_300\humpback_0065.wav,44100,66,1.8518532,3.1481468,186.335,4770.186,Moan,1.2962936,211026-133018-OS-humpback-47min-clip_66.wav,train-00000-of-00006.parquet
public_raw_300\humpback_0066.wav,44100,67,2.1101373,2.8898627,894.41,4695.652,Cry,0.7797254,211026-133018-OS-humpback-47min-clip_67.wav,train-00000-of-00006.parquet
public_raw_300\humpback_0067.wav,44100,68,2.1783632,2.8216368,1155.28,5440.994,Cry,0.6432736,211026-133018-OS-humpback-47min-clip_68.wav,train-00000-of-00006.parquet
public_raw_300\humpback_0068.wav,44100,69,2.3781679,2.6218321,670.807,1937.888,Shriek,0.2436642,211026-133018-OS-humpback-47min-clip_69.wav,train-00000-of-00006.parquet
public_raw_300\humpback_0069.wav,44100,70,1.8421066,3.1578934,74.534,2385.093,Moan,1.3157868,211026-133018-OS-humpback-47min-clip_70.wav,train-00000-of-00006.parquet
public_raw_300\humpback_0070.wav,44100,71,1.9736853,3.0263147,521.739,1639.752,Cry,1.0526294,211026-133018-OS-humpback-47min-clip_71.wav,train-00000-of-00006.parquet
public_raw_300\humpback_0071.wav,44100,72,1.88596615,3.11403385,111.801,1900.621,Growl,1.2280677,211026-133018-OS-humpback-47min-clip_72.wav,train-00000-of-00006.parquet
public_raw_300\humpback_0072.wav,44100,73,2.01754485,2.98245515,633.54,2720.497,Cry,0.9649103,211026-133018-OS-humpback-47min-clip_73.wav,train-00000-of-00006.parquet
public_raw_300\humpback_0073.wav,44100,74,1.8615998,3.1384002,223.602,3204.969,Moan,1.2768004,211026-133018-OS-humpback-47min-clip_74.wav,train-00000-of-00006.parquet
public_raw_300\humpback_0074.wav,44100,75,1.642302,3.357698,111.801,2645.963,Moan,1.715396,211026-133018-OS-humpback-47min-clip_75.wav,train-00000-of-00006.parquet
public_raw_300\humpback_0075.wav,44100,76,1.89083945,3.10916055,149.068,3242.236,Trumpet,1.2183211,211026-133018-OS-humpback-47min-clip_76.wav,train-00000-of-00006.parquet
public_raw_300\humpback_0076.wav,44100,77,1.7982471,3.2017529,186.335,2645.963,Vibrate,1.4035058,211026-133018-OS-humpback-47min-clip_77.wav,train-00000-of-00006.parquet
public_raw_300\humpback_0077.wav,44100,78,1.84210665,3.15789335,111.801,2496.894,Trumpet,1.3157867,211026-133018-OS-humpback-47min-clip_78.wav,train-00000-of-00006.parquet
public_raw_300\humpback_0078.wav,44100,79,1.1744667,3.8255333,149.068,2832.298,Trumpet,2.6510666,211026-133018-OS-humpback-47min-clip_79.wav,train-00000-of-00006.parquet
public_raw_300\humpback_0079.wav,44100,80,1.62280885,3.37719115,223.602,1006.211,Descending_moan,1.7543823,211026-133018-OS-humpback-47min-clip_80.wav,train-00000-of-00006.parquet
public_raw_300\humpback_0080.wav,44100,81,2.0955174,2.9044826,745.342,4062.112,Cry,0.8089652,211026-133018-OS-humpback-47min-clip_81.wav,train-00000-of-00006.parquet
public_raw_300\humpback_0081.wav,44100,82,1.7690074,3.2309926,409.938,4024.845,Ascending_moan,1.4619852,211026-133018-OS-humpback-47min-clip_82.wav,train-00000-of-00006.parquet
public_raw_300\humpback_0082.wav,44100,83,1.80799365,3.19200635,298.137,2645.963,Trumpet,1.3840127,211026-133018-OS-humpback-47min-clip_83.wav,train-00000-of-00006.parquet
public_raw_300\humpback_0083.wav,44100,84,1.8859662,3.1140338,372.671,3018.634,Ascending_moan,1.2280676,211026-133018-OS-humpback-47min-clip_84.wav,train-00000-of-00006.parquet
public_raw_300\humpback_0084.wav,44100,85,2.42202745,2.57797255,74.534,1155.28,Whup,0.1559451,211026-133018-OS-humpback-47min-clip_85.wav,train-00000-of-00006.parquet
public_raw_300\humpback_0085.wav,44100,86,1.9736853,3.0263147,335.404,2795.031,Moan,1.0526294,211026-133018-OS-humpback-47min-clip_86.wav,train-00000-of-00006.parquet
public_raw_300\humpback_0086.wav,44100,87,2.13937695,2.86062305,372.671,2608.696,Ascending_moan,0.7212461,211026-133018-OS-humpback-47min-clip_87.wav,train-00000-of-00006.parquet
public_raw_300\humpback_0087.wav,44100,88,2.41228085,2.58771915,186.335,1043.478,Grunt,0.1754383,211026-133018-OS-humpback-47min-clip_88.wav,train-00000-of-00006.parquet
public_raw_300\humpback_0088.wav,44100,89,2.0906441,2.9093559,521.739,1975.155,Buzz,0.8187118,211026-133018-OS-humpback-47min-clip_89.wav,train-00000-of-00006.parquet
public_raw_300\humpback_0089.wav,44100,90,2.397661,2.602339,111.801,1900.621,Grunt,0.204678,211026-133018-OS-humpback-47min-clip_90.wav,train-00000-of-00006.parquet
public_raw_300\humpback_0090.wav,44100,91,2.1637434,2.8362566,298.137,2571.429,Moan,0.6725132,211026-133018-OS-humpback-47min-clip_91.wav,train-00000-of-00006.parquet
public_raw_300\humpback_0091.wav,44100,92,2.41228085,2.58771915,149.068,1080.745,Grunt,0.1754383,211026-133018-OS-humpback-47min-clip_92.wav,train-00000-of-00006.parquet
public_raw_300\humpback_0092.wav,44100,93,2.42202745,2.57797255,149.068,1080.745,Grunt,0.1559451,211026-133018-OS-humpback-47min-clip_93.wav,train-00000-of-00006.parquet
public_raw_300\humpback_0093.wav,44100,94,2.4122809,2.5877191,149.068,1118.012,Grunt,0.1754382,211026-133018-OS-humpback-47min-clip_94.wav,train-00000-of-00006.parquet
public_raw_300\humpback_0094.wav,44100,95,2.3879145,2.6120855,186.335,1900.621,Grunt,0.224171,211026-133018-OS-humpback-47min-clip_95.wav,train-00000-of-00006.parquet
public_raw_300\humpback_0095.wav,44100,96,2.08089755,2.91910245,260.87,2571.429,Vibrate,0.8382049,211026-133018-OS-humpback-47min-clip_96.wav,train-00000-of-00006.parquet
public_raw_300\humpback_0096.wav,44100,97,2.44152055,2.55847945,3689.441,4062.112,Chirp,0.1169589,211026-133018-OS-humpback-47min-clip_97.wav,train-00000-of-00006.parquet
public_raw_300\humpback_0097.wav,44100,98,2.42202745,2.57797255,2124.224,2459.627,Chirp,0.1559451,211026-133018-OS-humpback-47min-clip_98.wav,train-00000-of-00006.parquet
public_raw_300\humpback_0098.wav,44100,99,2.4025343,2.5974657,484.472,2496.894,Shriek,0.1949314,211026-133018-OS-humpback-47min-clip_99.wav,train-00000-of-00006.parquet
public_raw_300\humpback_0099.wav,44100,100,2.38791445,2.61208555,37.267,2273.292,Shriek,0.2241711,211026-133018-OS-humpback-47min-clip_100.wav,train-00000-of-00006.parquet
public_raw_300\humpback_0100.wav,44100,101,2.14912355,2.85087645,111.801,2385.093,Moan,0.7017529,211026-133018-OS-humpback-47min-clip_101.wav,train-00000-of-00006.parquet
public_raw_300\humpback_0101.wav,44100,102,2.39278775,2.60721225,1118.012,2571.429,Shriek,0.2144245,211026-133018-OS-humpback-47min-clip_102.wav,train-00000-of-00006.parquet
public_raw_300\humpback_0102.wav,44100,103,2.39278775,2.60721225,633.54,2385.093,Shriek,0.2144245,211026-133018-OS-humpback-47min-clip_103.wav,train-00000-of-00006.parquet
public_raw_300\humpback_0103.wav,44100,104,2.4512672,2.5487328,521.739,1788.82,Shriek,0.0974656,211026-133018-OS-humpback-47min-clip_104.wav,train-00000-of-00006.parquet
public_raw_300\humpback_0104.wav,44100,105,1.7056547,3.2943453,409.938,1565.217,Buzz,1.5886906,211026-133018-OS-humpback-47min-clip_105.wav,train-00000-of-00006.parquet
public_raw_300\humpback_0105.wav,44100,106,2.06140445,2.93859555,559.006,3913.043,Ascending_moan,0.8771911,211026-133018-OS-humpback-47min-clip_106.wav,train-00000-of-00006.parquet
public_raw_300\humpback_0106.wav,44100,107,2.4171542,2.5828458,2273.292,2795.031,Chirp,0.1656916,211026-133018-OS-humpback-47min-clip_107.wav,train-00000-of-00006.parquet
public_raw_300\humpback_0107.wav,44100,108,1.89571275,3.10428725,559.006,4546.584,Cry,1.2085745,211026-133018-OS-humpback-47min-clip_108.wav,train-00000-of-00006.parquet
public_raw_300\humpback_0108.wav,44100,109,2.2514625,2.7485375,2124.224,3838.509,Shriek,0.497075,211026-133018-OS-humpback-47min-clip_109.wav,train-00000-of-00006.parquet
public_raw_300\humpback_0109.wav,44100,110,1.0214362,3.9785638,372.671,2795.031,Descending_moan,2.9571276,211026-133018-OS-humpback-47min-clip_110.wav,train-00000-of-00006.parquet
public_raw_300\humpback_0110.wav,44100,111,1.55458285,3.44541715,260.87,2720.497,Descending_moan,1.8908343,211026-133018-OS-humpback-47min-clip_111.wav,train-00000-of-00006.parquet
public_raw_300\humpback_0111.wav,44100,112,1.77679505,3.22320495,186.335,2795.031,Descending_moan,1.4464099,211026-133018-OS-humpback-47min-clip_112.wav,train-00000-of-00006.parquet
public_raw_300\humpback_0112.wav,44100,113,1.661795,3.338205,111.801,2645.963,Moan,1.67641,211026-133018-OS-humpback-47min-clip_113.wav,train-00000-of-00006.parquet
public_raw_300\humpback_0113.wav,44100,114,1.6471755,3.3528245,968.944,3913.043,Cry,1.705649,211026-133018-OS-humpback-47min-clip_114.wav,train-00000-of-00006.parquet
public_raw_300\humpback_0114.wav,44100,115,1.8615995,3.1384005,111.801,1975.155,Bellow,1.276801,211026-133018-OS-humpback-47min-clip_115.wav,train-00000-of-00006.parquet
public_raw_300\humpback_0115.wav,44100,116,2.207603,2.792397,1006.211,3913.043,Cry,0.584794,211026-133018-OS-humpback-47min-clip_116.wav,train-00000-of-00006.parquet
public_raw_300\humpback_0116.wav,44100,117,2.3196885,2.6803115,1229.814,2049.689,Shriek,0.360623,211026-133018-OS-humpback-47min-clip_117.wav,train-00000-of-00006.parquet
public_raw_300\humpback_0117.wav,44100,118,2.3586745,2.6413255,111.801,1080.745,Whup,0.282651,211026-133018-OS-humpback-47min-clip_118.wav,train-00000-of-00006.parquet
public_raw_300\humpback_0118.wav,44100,119,2.3245615,2.6754385,74.534,1639.752,Whup,0.350877,211026-133018-OS-humpback-47min-clip_119.wav,train-00000-of-00006.parquet
public_raw_300\humpback_0119.wav,44100,120,1.637429,3.362571,149.068,2534.161,Trumpet,1.725142,211026-133018-OS-humpback-47min-clip_120.wav,train-00000-of-00006.parquet
public_raw_300\humpback_0120.wav,44100,121,1.8810925,3.1189075,149.068,3689.441,Moan,1.237815,211026-133018-OS-humpback-47min-clip_121.wav,train-00000-of-00006.parquet
public_raw_300\humpback_0121.wav,44100,122,1.7154015,3.2845985,111.801,2347.826,Trumpet,1.569197,211026-133018-OS-humpback-47min-clip_122.wav,train-00000-of-00006.parquet
public_raw_300\humpback_0122.wav,44100,123,1.83236,3.16764,186.335,2944.099,Moan,1.33528,211026-133018-OS-humpback-47min-clip_123.wav,train-00000-of-00006.parquet
public_raw_300\humpback_0123.wav,44100,124,1.4132575,3.5867425,298.137,2720.497,Trumpet,2.173485,211026-133018-OS-humpback-47min-clip_124.wav,train-00000-of-00006.parquet
public_raw_300\humpback_0124.wav,44100,125,1.920079,3.079921,149.068,3093.168,Moan,1.159842,211026-133018-OS-humpback-47min-clip_125.wav,train-00000-of-00006.parquet
public_raw_300\humpback_0125.wav,44100,126,2.378168,2.621832,149.068,1155.28,Whup,0.243664,211026-133018-OS-humpback-47min-clip_126.wav,train-00000-of-00006.parquet
public_raw_300\humpback_0126.wav,44100,127,2.4415205,2.5584795,3242.236,3838.509,Chirp,0.116959,211026-133018-OS-humpback-47min-clip_127.wav,train-00000-of-00006.parquet
public_raw_300\humpback_0127.wav,44100,128,1.842107,3.157893,298.137,2720.497,Trumpet,1.315786,211026-133018-OS-humpback-47min-clip_128.wav,train-00000-of-00006.parquet
public_raw_300\humpback_0128.wav,44100,129,1.525343,3.474657,111.801,3055.901,Trumpet,1.949314,211026-133018-OS-humpback-47min-clip_129.wav,train-00000-of-00006.parquet
public_raw_300\humpback_0129.wav,44100,130,1.8226135,3.1773865,186.335,2645.963,Trumpet,1.354773,211026-133018-OS-humpback-47min-clip_130.wav,train-00000-of-00006.parquet
public_raw_300\humpback_0130.wav,44100,131,2.4220275,2.5779725,37.267,1043.478,Whup,0.155945,211026-133018-OS-humpback-47min-clip_131.wav,train-00000-of-00006.parquet
public_raw_300\humpback_0131.wav,44100,132,1.5935695,3.4064305,111.801,3093.168,Moan,1.812861,211026-133018-OS-humpback-47min-clip_132.wav,train-00000-of-00006.parquet
public_raw_300\humpback_0132.wav,44100,133,1.7738805,3.2261195,149.068,2757.764,Bellow,1.452239,211026-133018-OS-humpback-47min-clip_133.wav,train-00000-of-00006.parquet
public_raw_300\humpback_0133.wav,44100,134,1.6520485,3.3479515,149.068,2795.031,Bellow,1.695903,211026-133018-OS-humpback-47min-clip_134.wav,train-00000-of-00006.parquet
public_raw_300\humpback_0134.wav,44100,135,2.115011,2.884989,260.87,2385.093,Moan,0.769978,211026-133018-OS-humpback-47min-clip_135.wav,train-00000-of-00006.parquet
public_raw_300\humpback_0135.wav,44100,136,1.661795,3.338205,111.801,2832.298,Bellow,1.67641,211026-133018-OS-humpback-47min-clip_136.wav,train-00000-of-00006.parquet
public_raw_300\humpback_0136.wav,44100,137,1.081874,3.918126,260.87,3055.901,Trumpet,2.836252,211026-133018-OS-humpback-47min-clip_137.wav,train-00000-of-00006.parquet
public_raw_300\humpback_0137.wav,44100,138,1.5643295,3.4356705,223.602,2645.963,Trumpet,1.871341,211026-133018-OS-humpback-47min-clip_138.wav,train-00000-of-00006.parquet
public_raw_300\humpback_0138.wav,44100,139,1.50585,3.49415,149.068,5813.665,Ascending_moan,1.9883,211026-133018-OS-humpback-47min-clip_139.wav,train-00000-of-00006.parquet
public_raw_300\humpback_0139.wav,44100,140,1.637429,3.362571,149.068,3093.168,Trumpet,1.725142,211026-133018-OS-humpback-47min-clip_140.wav,train-00000-of-00006.parquet
public_raw_300\humpback_0140.wav,44100,141,2.3879145,2.6120855,149.068,931.677,Whup,0.224171,211026-133018-OS-humpback-47min-clip_141.wav,train-00000-of-00006.parquet
public_raw_300\humpback_0141.wav,44100,142,1.8567265,3.1432735,298.137,2795.031,Ascending_moan,1.286547,211026-133018-OS-humpback-47min-clip_142.wav,train-00000-of-00006.parquet
public_raw_300\humpback_0142.wav,44100,143,1.6569215,3.3430785,111.801,2608.696,Trumpet,1.686157,211026-133018-OS-humpback-47min-clip_143.wav,train-00000-of-00006.parquet
public_raw_300\humpback_0143.wav,44100,144,1.924952,3.075048,335.404,2683.23,Bellow,1.150096,211026-133018-OS-humpback-47min-clip_144.wav,train-00000-of-00006.parquet
public_raw_300\humpback_0144.wav,44100,145,1.8274865,3.1725135,149.068,1863.354,Growl,1.345027,211026-133018-OS-humpback-47min-clip_145.wav,train-00000-of-00006.parquet
public_raw_300\humpback_0145.wav,44100,146,1.954192,3.045808,335.404,4993.789,Ascending_moan,1.091616,211026-133018-OS-humpback-47min-clip_146.wav,train-00000-of-00006.parquet
public_raw_300\humpback_0146.wav,44100,147,1.8079935,3.1920065,372.671,1975.155,Growl,1.384013,211026-133018-OS-humpback-47min-clip_147.wav,train-00000-of-00006.parquet
public_raw_300\humpback_0147.wav,44100,148,1.9395725,3.0604275,223.602,4881.988,Ascending_moan,1.120855,211026-133018-OS-humpback-47min-clip_148.wav,train-00000-of-00006.parquet
public_raw_300\humpback_0148.wav,44100,149,1.9785585,3.0214415,74.534,2049.689,Growl,1.042883,211026-133018-OS-humpback-47min-clip_149.wav,train-00000-of-00006.parquet
public_raw_300\humpback_0149.wav,44100,150,2.056531,2.943469,260.87,3875.776,Moan,0.886938,211026-133018-OS-humpback-47min-clip_150.wav,train-00000-of-00006.parquet
public_raw_300\humpback_0150.wav,44100,151,2.3538015,2.6461985,223.602,1826.087,Whup,0.292397,211026-133018-OS-humpback-47min-clip_151.wav,train-00000-of-00006.parquet
public_raw_300\humpback_0151.wav,44100,152,2.0321645,2.9678355,37.267,2236.025,Growl,0.935671,211026-133018-OS-humpback-47min-clip_152.wav,train-00000-of-00006.parquet
public_raw_300\humpback_0152.wav,44100,153,2.295322,2.704678,111.801,3763.975,Shriek,0.409356,211026-133018-OS-humpback-47min-clip_153.wav,train-00000-of-00006.parquet
public_raw_300\humpback_0153.wav,44100,154,2.0419115,2.9580885,298.137,2944.099,Ascending_moan,0.916177,211026-133018-OS-humpback-47min-clip_154.wav,train-00000-of-00006.parquet
public_raw_300\humpback_0154.wav,44100,155,2.397661,2.602339,596.273,2310.559,Shriek,0.204678,211026-133018-OS-humpback-47min-clip_155.wav,train-00000-of-00006.parquet
public_raw_300\humpback_0155.wav,44100,156,2.295322,2.704678,149.068,2459.627,Grunt,0.409356,211026-133018-OS-humpback-47min-clip_156.wav,train-00000-of-00006.parquet
public_raw_300\humpback_0156.wav,44100,157,2.339182,2.660818,186.335,2347.826,Grunt,0.321636,211026-133018-OS-humpback-47min-clip_157.wav,train-00000-of-00006.parquet
public_raw_300\humpback_0157.wav,44100,158,2.3830415,2.6169585,111.801,1378.882,Grunt,0.233917,211026-133018-OS-humpback-47min-clip_158.wav,train-00000-of-00006.parquet
public_raw_300\humpback_0158.wav,44100,159,2.368421,2.631579,111.801,2161.491,Grunt,0.263158,211026-133018-OS-humpback-47min-clip_159.wav,train-00000-of-00006.parquet
public_raw_300\humpback_0159.wav,44100,160,2.3538015,2.6461985,633.54,2608.696,Shriek,0.292397,211026-133018-OS-humpback-47min-clip_160.wav,train-00000-of-00006.parquet
public_raw_300\humpback_0160.wav,44100,161,2.3343085,2.6656915,559.006,2273.292,Shriek,0.331383,211026-133018-OS-humpback-47min-clip_161.wav,train-00000-of-00006.parquet
public_raw_300\humpback_0161.wav,44100,162,1.710528,3.289472,447.205,2273.292,Buzz,1.578944,211026-133018-OS-humpback-47min-clip_162.wav,train-00000-of-00006.parquet
public_raw_300\humpback_0162.wav,44100,163,1.2524395,3.7475605,409.938,2012.422,Creak,2.495121,211026-133018-OS-humpback-47min-clip_163.wav,train-00000-of-00006.parquet
public_raw_300\humpback_0163.wav,44100,164,2.441521,2.558479,2571.429,3540.373,Shriek,0.116958,211026-133018-OS-humpback-47min-clip_164.wav,train-00000-of-00006.parquet
public_raw_300\humpback_0164.wav,44100,165,2.1832365,2.8167635,931.677,4099.379,Cry,0.633527,211026-133018-OS-humpback-47min-clip_165.wav,train-00000-of-00006.parquet
public_raw_300\humpback_0165.wav,44100,166,2.295322,2.704678,3316.77,5105.59,Shriek,0.409356,211026-133018-OS-humpback-47min-clip_166.wav,train-00000-of-00006.parquet
public_raw_300\humpback_0166.wav,44100,167,1.900586,3.099414,708.075,4807.453,Cry,1.198828,211026-133018-OS-humpback-47min-clip_167.wav,train-00000-of-00006.parquet
public_raw_300\humpback_0167.wav,44100,168,2.2173495,2.7826505,3055.901,4993.789,Cry,0.565301,211026-133018-OS-humpback-47min-clip_168.wav,train-00000-of-00006.parquet
public_raw_300\humpback_0168.wav,44100,169,0.826505,4.173495,335.404,3614.907,Descending_moan,3.34699,211026-133018-OS-humpback-47min-clip_169.wav,train-00000-of-00006.parquet
public_raw_300\humpback_0169.wav,44100,170,2.056531,2.943469,2012.422,2906.832,Cry,0.886938,211026-133018-OS-humpback-47min-clip_170.wav,train-00000-of-00006.parquet
public_raw_300\humpback_0170.wav,44100,171,0.9434635,4.0565365,186.335,2496.894,Descending_moan,3.113073,211026-133018-OS-humpback-47min-clip_171.wav,train-00000-of-00006.parquet
public_raw_300\humpback_0171.wav,44100,172,1.881093,3.118907,1863.354,2422.36,Cry,1.237814,211026-133018-OS-humpback-47min-clip_172.wav,train-00000-of-00006.parquet
public_raw_300\humpback_0172.wav,44100,173,1.661795,3.338205,260.87,2906.832,Moan,1.67641,211026-133018-OS-humpback-47min-clip_173.wav,train-00000-of-00006.parquet
public_raw_300\humpback_0173.wav,44100,174,1.6471755,3.3528245,1565.217,4583.851,Cry,1.705649,211026-133018-OS-humpback-47min-clip_174.wav,train-00000-of-00006.parquet
public_raw_300\humpback_0174.wav,44100,175,2.14425,2.85575,1304.348,4770.186,Cry,0.7115,211026-133018-OS-humpback-47min-clip_175.wav,train-00000-of-00006.parquet
public_raw_300\humpback_0175.wav,44100,176,1.3986375,3.6013625,37.267,3055.901,Moan,2.202725,211026-133018-OS-humpback-47min-clip_176.wav,train-00000-of-00006.parquet
public_raw_300\humpback_0176.wav,44100,177,1.915206,3.084794,1006.211,3242.236,Cry,1.169588,211026-133018-OS-humpback-47min-clip_177.wav,train-00000-of-00006.parquet
public_raw_300\humpback_0177.wav,44100,178,1.559456,3.440544,186.335,2832.298,Descending_moan,1.881088,211026-133018-OS-humpback-47min-clip_178.wav,train-00000-of-00006.parquet
public_raw_300\humpback_0178.wav,44100,179,2.0272915,2.9727085,1043.478,4322.981,Cry,0.945417,211026-133018-OS-humpback-47min-clip_179.wav,train-00000-of-00006.parquet
public_raw_300\humpback_0179.wav,44100,180,1.8518535,3.1481465,111.801,2645.963,Bellow,1.296293,211026-133018-OS-humpback-47min-clip_180.wav,train-00000-of-00006.parquet
public_raw_300\humpback_0180.wav,44100,181,2.037038,2.962962,1006.211,3689.441,Cry,0.925924,211026-133018-OS-humpback-47min-clip_181.wav,train-00000-of-00006.parquet
public_raw_300\humpback_0181.wav,44100,182,1.866473,3.133527,186.335,2944.099,Bellow,1.267054,211026-133018-OS-humpback-47min-clip_182.wav,train-00000-of-00006.parquet
public_raw_300\humpback_0182.wav,44100,183,1.739768,3.260232,149.068,3354.037,Bellow,1.520464,211026-133018-OS-humpback-47min-clip_183.wav,train-00000-of-00006.parquet
public_raw_300\humpback_0183.wav,44100,184,1.764134,3.235866,186.335,2608.696,Bellow,1.471732,211026-133018-OS-humpback-47min-clip_184.wav,train-00000-of-00006.parquet
public_raw_300\humpback_0184.wav,44100,185,1.4424975,3.5575025,186.335,3689.441,Moan,2.115005,211026-133018-OS-humpback-47min-clip_185.wav,train-00000-of-00006.parquet
public_raw_300\humpback_0185.wav,44100,186,2.378168,2.621832,186.335,1341.615,Whup,0.243664,211026-133018-OS-humpback-47min-clip_186.wav,train-00000-of-00006.parquet
public_raw_300\humpback_0186.wav,44100,187,1.8226135,3.1773865,223.602,2757.764,Bellow,1.354773,211026-133018-OS-humpback-47min-clip_187.wav,train-00000-of-00006.parquet
public_raw_300\humpback_0187.wav,44100,188,1.403511,3.596489,186.335,2571.429,Moan,2.192978,211026-133018-OS-humpback-47min-clip_188.wav,train-00000-of-00006.parquet
public_raw_300\humpback_0188.wav,44100,189,2.4122805,2.5877195,186.335,1118.012,Whup,0.175439,211026-133018-OS-humpback-47min-clip_189.wav,train-00000-of-00006.parquet
public_raw_300\humpback_0189.wav,44100,190,1.881093,3.118907,223.602,2608.696,Bellow,1.237814,211026-133018-OS-humpback-47min-clip_190.wav,train-00000-of-00006.parquet
public_raw_300\humpback_0190.wav,44100,191,1.8762195,3.1237805,223.602,2571.429,Bellow,1.247561,211026-133018-OS-humpback-47min-clip_191.wav,train-00000-of-00006.parquet
public_raw_300\humpback_0191.wav,44100,192,2.309942,2.690058,149.068,2012.422,Whup,0.380116,211026-133018-OS-humpback-47min-clip_192.wav,train-00000-of-00006.parquet
public_raw_300\humpback_0192.wav,44100,193,1.827487,3.172513,149.068,2012.422,Trumpet,1.345026,211026-133018-OS-humpback-47min-clip_193.wav,train-00000-of-00006.parquet
public_raw_300\humpback_0193.wav,44100,194,1.408384,3.591616,260.87,2608.696,Trumpet,2.183232,211026-133018-OS-humpback-47min-clip_194.wav,train-00000-of-00006.parquet
public_raw_300\humpback_0194.wav,44100,195,1.564329,3.435671,260.87,2236.025,Trumpet,1.871342,211026-133018-OS-humpback-47min-clip_195.wav,train-00000-of-00006.parquet
public_raw_300\humpback_0195.wav,44100,196,1.6033155,3.3966845,223.602,1937.888,Trumpet,1.793369,211026-133018-OS-humpback-47min-clip_196.wav,train-00000-of-00006.parquet
public_raw_300\humpback_0196.wav,44100,197,2.3538015,2.6461985,186.335,1863.354,Grunt,0.292397,211026-133018-OS-humpback-47min-clip_197.wav,train-00000-of-00006.parquet
public_raw_300\humpback_0197.wav,44100,198,1.588696,3.411304,372.671,3652.174,Ascending_moan,1.822608,211026-133018-OS-humpback-47min-clip_198.wav,train-00000-of-00006.parquet
public_raw_300\humpback_0198.wav,44100,199,1.700781,3.299219,149.068,2534.161,Trumpet,1.598438,211026-133018-OS-humpback-47min-clip_199.wav,train-00000-of-00006.parquet
public_raw_300\humpback_0199.wav,44100,200,2.295322,2.704678,186.335,2273.292,Whup,0.409356,211026-133018-OS-humpback-47min-clip_200.wav,train-00000-of-00006.parquet
public_raw_300\humpback_0200.wav,44100,201,1.8226135,3.1773865,372.671,2720.497,Ascending_moan,1.354773,211026-133018-OS-humpback-47min-clip_201.wav,train-00000-of-00006.parquet
public_raw_300\humpback_0201.wav,44100,202,1.7348945,3.2651055,74.534,2124.224,Trumpet,1.530211,211026-133018-OS-humpback-47min-clip_202.wav,train-00000-of-00006.parquet
public_raw_300\humpback_0202.wav,44100,203,2.339182,2.660818,186.335,1826.087,Whup,0.321636,211026-133018-OS-humpback-47min-clip_203.wav,train-00000-of-00006.parquet
public_raw_300\humpback_0203.wav,44100,204,1.6033155,3.3966845,372.671,2795.031,Ascending_moan,1.793369,211026-133018-OS-humpback-47min-clip_204.wav,train-00000-of-00006.parquet
public_raw_300\humpback_0204.wav,44100,205,1.8031205,3.1968795,149.068,2236.025,Growl,1.393759,211026-133018-OS-humpback-47min-clip_205.wav,train-00000-of-00006.parquet
public_raw_300\humpback_0205.wav,44100,206,1.885966,3.114034,335.404,4248.447,Ascending_moan,1.228068,211026-133018-OS-humpback-47min-clip_206.wav,train-00000-of-00006.parquet
public_raw_300\humpback_0206.wav,44100,207,1.9249525,3.0750475,223.602,2198.758,Growl,1.150095,211026-133018-OS-humpback-47min-clip_207.wav,train-00000-of-00006.parquet
public_raw_300\humpback_0207.wav,44100,208,2.3001955,2.6998045,74.534,1900.621,Whup,0.399609,211026-133018-OS-humpback-47min-clip_208.wav,train-00000-of-00006.parquet
public_raw_300\humpback_0208.wav,44100,209,1.7962885,3.2037115,447.205,2645.963,Ascending_moan,1.407423,211026-133018-OS-humpback-47min-clip_209.wav,train-00000-of-00006.parquet
public_raw_300\humpback_0209.wav,44100,210,2.4269005,2.5730995,149.068,1826.087,Grunt,0.146199,211026-133018-OS-humpback-47min-clip_210.wav,train-00000-of-00006.parquet
public_raw_300\humpback_0210.wav,44100,211,2.168617,2.831383,149.068,2385.093,Growl,0.662766,211026-133018-OS-humpback-47min-clip_211.wav,train-00000-of-00006.parquet
public_raw_300\humpback_0211.wav,44100,212,2.3489285,2.6510715,111.801,1788.82,Whup,0.302143,211026-133018-OS-humpback-47min-clip_212.wav,train-00000-of-00006.parquet
public_raw_300\humpback_0212.wav,44100,213,1.8616,3.1384,335.404,4173.913,Ascending_moan,1.2768,211026-133018-OS-humpback-47min-clip_213.wav,train-00000-of-00006.parquet
public_raw_300\humpback_0213.wav,44100,214,2.261209,2.738791,1155.28,3875.776,Cry,0.477582,211026-133018-OS-humpback-47min-clip_214.wav,train-00000-of-00006.parquet
public_raw_300\humpback_0214.wav,44100,215,2.363548,2.636452,223.602,1639.752,Grunt,0.272904,211026-133018-OS-humpback-47min-clip_215.wav,train-00000-of-00006.parquet
public_raw_300\humpback_0215.wav,44100,216,2.3538015,2.6461985,149.068,1900.621,Whup,0.292397,211026-133018-OS-humpback-47min-clip_216.wav,train-00000-of-00006.parquet
public_raw_300\humpback_0216.wav,44100,217,2.110137,2.889863,335.404,2534.161,Upsweep,0.779726,211026-133018-OS-humpback-47min-clip_217.wav,train-00000-of-00006.parquet
public_raw_300\humpback_0217.wav,44100,218,2.4025345,2.5974655,782.609,1826.087,Shriek,0.194931,211026-133018-OS-humpback-47min-clip_218.wav,train-00000-of-00006.parquet
public_raw_300\humpback_0218.wav,44100,219,2.3586745,2.6413255,149.068,1751.553,Grunt,0.282651,211026-133018-OS-humpback-47min-clip_219.wav,train-00000-of-00006.parquet
public_raw_300\humpback_0219.wav,44100,220,2.358675,2.641325,186.335,1900.621,Grunt,0.28265,211026-133018-OS-humpback-47min-clip_220.wav,train-00000-of-00006.parquet
public_raw_300\humpback_0220.wav,44100,221,2.270956,2.729044,372.671,1788.82,Upsweep,0.458088,211026-133018-OS-humpback-47min-clip_221.wav,train-00000-of-00006.parquet
public_raw_300\humpback_0221.wav,44100,222,2.3343085,2.6656915,186.335,2012.422,Grunt,0.331383,211026-133018-OS-humpback-47min-clip_222.wav,train-00000-of-00006.parquet
public_raw_300\humpback_0222.wav,44100,223,2.2563355,2.7436645,186.335,2049.689,Grunt,0.487329,211026-133018-OS-humpback-47min-clip_223.wav,train-00000-of-00006.parquet
public_raw_300\humpback_0223.wav,44100,224,2.2709555,2.7290445,37.267,2571.429,Grunt,0.458089,211026-133018-OS-humpback-47min-clip_224.wav,train-00000-of-00006.parquet
public_raw_300\humpback_0224.wav,44100,225,2.3538015,2.6461985,37.267,2124.224,Grunt,0.292397,211026-133018-OS-humpback-47min-clip_225.wav,train-00000-of-00006.parquet
public_raw_300\humpback_0225.wav,44100,226,2.383041,2.616959,111.801,1453.416,Whup,0.233918,211026-133018-OS-humpback-47min-clip_226.wav,train-00000-of-00006.parquet
public_raw_300\humpback_0226.wav,44100,227,2.261209,2.738791,298.137,1900.621,Upsweep,0.477582,211026-133018-OS-humpback-47min-clip_227.wav,train-00000-of-00006.parquet
public_raw_300\humpback_0227.wav,44100,228,2.300195,2.699805,1192.547,4322.981,Cry,0.39961,211026-133018-OS-humpback-47min-clip_228.wav,train-00000-of-00006.parquet
public_raw_300\humpback_0228.wav,44100,229,2.3879145,2.6120855,260.87,1826.087,Grunt,0.224171,211026-133018-OS-humpback-47min-clip_229.wav,train-00000-of-00006.parquet
public_raw_300\humpback_0229.wav,44100,230,2.363548,2.636452,74.534,2645.963,Grunt,0.272904,211026-133018-OS-humpback-47min-clip_230.wav,train-00000-of-00006.parquet
public_raw_300\humpback_0230.wav,44100,231,2.3684215,2.6315785,186.335,2571.429,Grunt,0.263157,211026-133018-OS-humpback-47min-clip_231.wav,train-00000-of-00006.parquet
public_raw_300\humpback_0231.wav,44100,232,2.2660825,2.7339175,186.335,2049.689,Grunt,0.467835,211026-133018-OS-humpback-47min-clip_232.wav,train-00000-of-00006.parquet
public_raw_300\humpback_0232.wav,44100,233,2.246589,2.753411,298.137,2571.429,Upsweep,0.506822,211026-133018-OS-humpback-47min-clip_233.wav,train-00000-of-00006.parquet
public_raw_300\humpback_0233.wav,44100,234,2.334308,2.665692,149.068,2608.696,Whup,0.331384,211026-133018-OS-humpback-47min-clip_234.wav,train-00000-of-00006.parquet
public_raw_300\humpback_0234.wav,44100,235,2.3001955,2.6998045,111.801,1975.155,Grunt,0.399609,211026-133018-OS-humpback-47min-clip_235.wav,train-00000-of-00006.parquet
public_raw_300\humpback_0235.wav,44100,236,2.0467845,2.9532155,484.472,2683.23,Bellow,0.906431,211026-133018-OS-humpback-47min-clip_236.wav,train-00000-of-00006.parquet
public_raw_300\humpback_0236.wav,44100,237,2.041911,2.958089,149.068,1900.621,Trumpet,0.916178,211026-133018-OS-humpback-47min-clip_237.wav,train-00000-of-00006.parquet
public_raw_300\humpback_0237.wav,44100,238,2.4074075,2.5925925,1006.211,3242.236,Shriek,0.185185,211026-133018-OS-humpback-47min-clip_238.wav,train-00000-of-00006.parquet
public_raw_300\humpback_0238.wav,44100,239,2.314815,2.685185,37.267,1639.752,Grunt,0.37037,211026-133018-OS-humpback-47min-clip_239.wav,train-00000-of-00006.parquet
public_raw_300\humpback_0239.wav,44100,240,2.334308,2.665692,111.801,1714.286,Whup,0.331384,211026-133018-OS-humpback-47min-clip_240.wav,train-00000-of-00006.parquet
public_raw_300\humpback_0240.wav,44100,241,2.295322,2.704678,223.602,2608.696,Trumpet,0.409356,211026-133018-OS-humpback-47min-clip_241.wav,train-00000-of-00006.parquet
public_raw_300\humpback_0241.wav,44100,242,2.1491235,2.8508765,111.801,2906.832,Moan,0.701753,211026-133018-OS-humpback-47min-clip_242.wav,train-00000-of-00006.parquet
public_raw_300\humpback_0242.wav,44100,243,2.3538015,2.6461985,1043.478,2236.025,Shriek,0.292397,211026-133018-OS-humpback-47min-clip_243.wav,train-00000-of-00006.parquet
public_raw_300\humpback_0243.wav,44100,244,1.9054595,3.0945405,74.534,3055.901,Bellow,1.189081,211026-133018-OS-humpback-47min-clip_244.wav,train-00000-of-00006.parquet
public_raw_300\humpback_0244.wav,44100,245,1.8762195,3.1237805,335.404,3614.907,Bellow,1.247561,211026-133018-OS-humpback-47min-clip_245.wav,train-00000-of-00006.parquet
public_raw_300\humpback_0245.wav,44100,246,2.3732945,2.6267055,1080.745,2385.093,Shriek,0.253411,211026-133018-OS-humpback-47min-clip_246.wav,train-00000-of-00006.parquet
public_raw_300\humpback_0246.wav,44100,247,1.920079,3.079921,186.335,2832.298,Moan,1.159842,211026-133018-OS-humpback-47min-clip_247.wav,train-00000-of-00006.parquet
public_raw_300\humpback_0247.wav,44100,248,1.661795,3.338205,521.739,2273.292,Ascending_moan,1.67641,211026-133018-OS-humpback-47min-clip_248.wav,train-00000-of-00006.parquet
public_raw_300\humpback_0248.wav,44100,249,2.3781675,2.6218325,149.068,1602.484,Whup,0.243665,211026-133018-OS-humpback-47min-clip_249.wav,train-00000-of-00006.parquet
public_raw_300\humpback_0249.wav,44100,250,1.7641345,3.2358655,521.739,2273.292,Ascending_moan,1.471731,211026-133018-OS-humpback-47min-clip_250.wav,train-00000-of-00006.parquet
public_raw_300\humpback_0250.wav,44100,251,1.973685,3.026315,409.938,2608.696,Ascending_moan,1.05263,211026-133018-OS-humpback-47min-clip_251.wav,train-00000-of-00006.parquet
public_raw_300\humpback_0251.wav,44100,252,1.661795,3.338205,260.87,2496.894,Ascending_moan,1.67641,211026-133018-OS-humpback-47min-clip_252.wav,train-00000-of-00006.parquet
public_raw_300\humpback_0252.wav,44100,253,2.3538015,2.6461985,1490.683,2161.491,Shriek,0.292397,211026-133018-OS-humpback-47min-clip_253.wav,train-00000-of-00006.parquet
